-- Sigma mock data seed for local development.
-- Populates domain tables with representative Bulgarian procurement data.
-- Idempotent. Run by scripts/setup.mjs after migrations; precompute.sql follows to build rollups + FTS.
--
-- ID conventions (must match packages/db/src/queries/identity.ts):
--   authorities : 'auth:' || ЕИК
--   bidders     : 'eik:' || ЕИК (valid) | 'name:' || normalised name (no valid ЕИК)
--   tenders     : 't:' || УНП
--   contracts   : 'c:' || staging-row-id

-- ─── Wipe existing data (FK-safe order: children before parents) ────────────────────────────
DELETE FROM search_index;
DELETE FROM flow_pairs;
DELETE FROM company_totals;
DELETE FROM authority_totals;
DELETE FROM home_totals;
DELETE FROM sector_totals;
DELETE FROM facet_counts;
DELETE FROM amendments;
DELETE FROM contracts;
DELETE FROM lots;
DELETE FROM tenders;
DELETE FROM bidders;
DELETE FROM authorities;
DELETE FROM nuts_regions;
DELETE FROM data_freshness;

-- ─── NUTS regions (subset covering mock entities; full table in scripts/load-nuts.sql) ───────
INSERT INTO nuts_regions (nuts3, nuts3_name, nuts2, nuts2_name, nuts1, nuts1_name) VALUES
  ('BG311','Видин',             'BG31','Северозападен',       'BG3','Северна и Югоизточна България'),
  ('BG312','Монтана',           'BG31','Северозападен',       'BG3','Северна и Югоизточна България'),
  ('BG313','Враца',             'BG31','Северозападен',       'BG3','Северна и Югоизточна България'),
  ('BG314','Плевен',            'BG31','Северозападен',       'BG3','Северна и Югоизточна България'),
  ('BG315','Ловеч',             'BG31','Северозападен',       'BG3','Северна и Югоизточна България'),
  ('BG321','Велико Търново',    'BG32','Северен централен',   'BG3','Северна и Югоизточна България'),
  ('BG322','Габрово',           'BG32','Северен централен',   'BG3','Северна и Югоизточна България'),
  ('BG323','Русе',              'BG32','Северен централен',   'BG3','Северна и Югоизточна България'),
  ('BG324','Разград',           'BG32','Северен централен',   'BG3','Северна и Югоизточна България'),
  ('BG325','Силистра',          'BG32','Северен централен',   'BG3','Северна и Югоизточна България'),
  ('BG331','Варна',             'BG33','Североизточен',       'BG3','Северна и Югоизточна България'),
  ('BG332','Добрич',            'BG33','Североизточен',       'BG3','Северна и Югоизточна България'),
  ('BG333','Шумен',             'BG33','Североизточен',       'BG3','Северна и Югоизточна България'),
  ('BG334','Търговище',         'BG33','Североизточен',       'BG3','Северна и Югоизточна България'),
  ('BG341','Бургас',            'BG34','Югоизточен',          'BG3','Северна и Югоизточна България'),
  ('BG342','Сливен',            'BG34','Югоизточен',          'BG3','Северна и Югоизточна България'),
  ('BG343','Стара Загора',      'BG34','Югоизточен',          'BG3','Северна и Югоизточна България'),
  ('BG344','Ямбол',             'BG34','Югоизточен',          'BG3','Северна и Югоизточна България'),
  ('BG411','София (столица)',   'BG41','Югозападен',          'BG4','Югозападна и Южна централна България'),
  ('BG412','София',             'BG41','Югозападен',          'BG4','Югозападна и Южна централна България'),
  ('BG413','Благоевград',       'BG41','Югозападен',          'BG4','Югозападна и Южна централна България'),
  ('BG414','Перник',            'BG41','Югозападен',          'BG4','Югозападна и Южна централна България'),
  ('BG415','Кюстендил',         'BG41','Югозападен',          'BG4','Югозападна и Южна централна България'),
  ('BG421','Пловдив',           'BG42','Южен централен',      'BG4','Югозападна и Южна централна България'),
  ('BG422','Хасково',           'BG42','Южен централен',      'BG4','Югозападна и Южна централна България'),
  ('BG423','Пазарджик',         'BG42','Южен централен',      'BG4','Югозападна и Южна централна България'),
  ('BG424','Смолян',            'BG42','Южен централен',      'BG4','Югозападна и Южна централна България'),
  ('BG425','Кърджали',          'BG42','Южен централен',      'BG4','Югозападна и Южна централна България');

-- ─── Data freshness ──────────────────────────────────────────────────────────────────────────
INSERT INTO data_freshness (source, as_of, rows, refreshed_at) VALUES
  ('admin', '2025-03-20', 25, '2026-06-23T10:00:00Z'),
  ('ocds',  '2025-03-20', 25, '2026-06-23T10:00:00Z');

-- ─── Authorities ─────────────────────────────────────────────────────────────────────────────
INSERT INTO authorities (id, name, bulstat, type, type_group, nuts, settlement, region) VALUES
  ('auth:000696327', 'Столична община',                                    '000696327', 'Регионален орган',           'община',           'BG411', 'София',    'София-град'),
  ('auth:000670680', 'Министерство на финансите',                          '000670680', 'Орган на централната власт', 'министерство',     'BG411', 'София',    'София-град'),
  ('auth:831661388', 'Министерство на регионалното развитие и благоустройството', '831661388', 'Орган на централната власт', 'министерство', 'BG411', 'София', 'София-град'),
  ('auth:000662680', 'Министерство на здравеопазването',                   '000662680', 'Орган на централната власт', 'министерство',     'BG411', 'София',    'София-град'),
  ('auth:121098876', 'УМБАЛ "Александровска" ЕАД',                         '121098876', 'Публичноправна организация', 'болница',          'BG411', 'София',    'София-град'),
  ('auth:000667842', 'Община Пловдив',                                     '000667842', 'Регионален орган',           'община',           'BG421', 'Пловдив',  'Пловдив');

-- ─── Bidders ─────────────────────────────────────────────────────────────────────────────────
INSERT INTO bidders (id, name, bulstat, eik_normalized, eik_valid, is_consortium, kind, ownership_kind, settlement, nuts) VALUES
  ('eik:831633284', 'ГБС - Инфраструктурно строителство АД',  '831633284', '831633284', 1, 0, 'company', NULL,    'София',   'BG411'),
  ('eik:202274851', 'Автомагистрали ЕАД',                     '202274851', '202274851', 1, 0, 'company', 'state', 'София',   'BG411'),
  ('eik:103261651', 'ТехноЛогика ЕАД',                        '103261651', '103261651', 1, 0, 'company', NULL,    'София',   'BG411'),
  ('eik:175250008', 'Медисистем ЕООД',                        '175250008', '175250008', 1, 0, 'company', NULL,    'Пловдив', 'BG421'),
  ('eik:204513538', 'БулФарма ООД',                           '204513538', '204513538', 1, 0, 'company', NULL,    'София',   'BG411'),
  ('eik:131431128', 'Информационни системи АД',               '131431128', '131431128', 1, 0, 'company', NULL,    'София',   'BG411'),
  ('eik:112599738', 'Строй Инженеринг АД',                    '112599738', '112599738', 1, 0, 'company', NULL,    'Варна',   'BG331'),
  ('eik:200218527', 'ЕнергоСервиз ООД',                       '200218527', '200218527', 1, 0, 'company', NULL,    'Пловдив', 'BG421');

-- ─── Tenders ─────────────────────────────────────────────────────────────────────────────────
-- procedure_type values must match entries in packages/config/src/index.ts PROCEDURE_GROUPS.types.
INSERT INTO tenders (id, source_id, title, authority_id, cpv_code, cpv_description, estimated_value, currency, procedure_type, contract_kind, status, published_at, eop_tender_id) VALUES
  -- Construction (CPV 45) — МРРБ
  ('t:00156714-2022-0001', '00156714-2022-0001', 'Строителство на скоростен път Мездра — Ботевград',
   'auth:831661388', '45233120', 'Строителство на пътища', 120000000, 'EUR', 'Открита процедура',  'Строителство', 'awarded', '2022-06-01', '54321'),
  ('t:00156714-2023-0001', '00156714-2023-0001', 'Рехабилитация на второкласен път II-15 Мездра — Враца',
   'auth:831661388', '45233120', 'Строителство на пътища',  30000000, 'EUR', 'Открита процедура',  'Строителство', 'awarded', '2023-06-15', '54322'),
  -- Food / supplies (CPV 15) — Столична община
  ('t:00087454-2023-0001', '00087454-2023-0001', 'Доставка на хранителни продукти за детски градини на Столична община',
   'auth:000696327', '15800000', 'Хранителни продукти, напитки, тютюн',  2000000, 'EUR', 'Публично състезание', 'Доставки', 'awarded', '2023-03-01', '54323'),
  -- IT services (CPV 72) — Столична община + МФ
  ('t:00087454-2022-0001', '00087454-2022-0001', 'Разработка и внедряване на информационна система за общинска администрация',
   'auth:000696327', '72200000', 'Услуги по разработка на програмни продукти',  5000000, 'EUR', 'Договаряне без предварително обявление', 'Услуги', 'awarded', '2022-05-01', '54324'),
  ('t:00044853-2023-0001', '00044853-2023-0001', 'Интегрирана информационна система на Министерство на финансите',
   'auth:000670680', '72200000', 'Услуги по разработка на програмни продукти', 15000000, 'EUR', 'Открита процедура',  'Услуги', 'awarded', '2023-02-01', '54325'),
  ('t:00044853-2024-0001', '00044853-2024-0001', 'Разработка и поддръжка на електронен портал за данъчни услуги',
   'auth:000670680', '72200000', 'Услуги по разработка на програмни продукти',  3000000, 'EUR', 'Договаряне без предварително обявление', 'Услуги', 'awarded', '2023-09-01', '54326'),
  -- Medical equipment (CPV 33) — МЗ + УМБАЛ
  ('t:00080486-2023-0001', '00080486-2023-0001', 'Доставка на медицинска апаратура и консумативи за лечебни заведения',
   'auth:000662680', '33000000', 'Медицинска техника и апаратура', 20000000, 'EUR', 'Открита процедура',  'Доставки', 'awarded', '2023-01-10', '54327'),
  -- Healthcare services (CPV 85) — МЗ
  ('t:00080486-2022-0001', '00080486-2022-0001', 'Специализирани болнични услуги за нуждите на МЗ',
   'auth:000662680', '85100000', 'Болнични услуги',  5000000, 'EUR', 'Публично състезание', 'Услуги', 'awarded', '2022-07-01', '54328'),
  -- Medical equipment (CPV 33) — УМБАЛ
  ('t:00121098-2023-0001', '00121098-2023-0001', 'Доставка на кардиологична апаратура за УМБАЛ Александровска',
   'auth:121098876', '33182000', 'Сърдечна хирургична апаратура', 25000000, 'EUR', 'Открита процедура',  'Доставки', 'awarded', '2023-05-15', '54329'),
  -- Construction (CPV 45) — Пловдив
  ('t:00267516-2024-0001', '00267516-2024-0001', 'Благоустройство, озеленяване и изграждане на детска площадка в кв. Каршияка',
   'auth:000667842', '45236210', 'Изграждане на детска площадка', 15000000, 'EUR', 'Открита процедура',  'Строителство', 'awarded', '2024-04-01', '54330'),
  -- Maintenance services (CPV 50) — Пловдив
  ('t:00267516-2023-0001', '00267516-2023-0001', 'Поддръжка и ремонт на общински сгради на Община Пловдив',
   'auth:000667842', '50000000', 'Услуги по ремонт и поддръжка',  1000000, 'EUR', 'Публично състезание', 'Услуги', 'awarded', '2023-04-01', '54331'),
  -- Transport equipment (CPV 34) — МРРБ
  ('t:00156714-2024-0001', '00156714-2024-0001', 'Доставка на специализирани превозни средства за нуждите на МРРБ',
   'auth:831661388', '34144000', 'Специализирани превозни средства', 40000000, 'EUR', 'Открита процедура',  'Доставки', 'awarded', '2024-01-01', '54332');

-- ─── Contracts ───────────────────────────────────────────────────────────────────────────────
-- amount / signing_value / current_value are in EUR (currency='EUR').
-- amount_eur is set directly; precompute step-0 derives signing_value_eur / current_value_eur.
-- bids_received=1 marks single-offer contracts (surfaced on the home page and filters).
-- eu_funded=1 flags EU co-financed contracts.
INSERT INTO contracts
  (id, tender_id, bidder_id, amount, currency, amount_eur, signing_value, current_value,
   value_flag, date_flag, signed_at, bids_received, eu_funded, contract_kind, annex_count, fx_converted) VALUES

  -- t:00156714-2022-0001 (Скоростен път Мездра — Ботевград) ────────────────────────────────
  ('c:m001', 't:00156714-2022-0001', 'eik:831633284',  42000000, 'EUR',  42000000,  42000000,  42000000, 'ok', 'ok', '2023-03-15', 2, 1, 'Строителство', 0, 0),
  ('c:m002', 't:00156714-2022-0001', 'eik:202274851',  38000000, 'EUR',  38000000,  38000000,  38000000, 'ok', 'ok', '2022-11-20', 1, 1, 'Строителство', 0, 0),
  ('c:m024', 't:00156714-2022-0001', 'eik:112599738',  25000000, 'EUR',  25000000,  25000000,  25000000, 'ok', 'ok', '2025-01-15', 2, 0, 'Строителство', 0, 0),

  -- t:00156714-2023-0001 (Рехабилитация II-15) ──────────────────────────────────────────────
  ('c:m003', 't:00156714-2023-0001', 'eik:112599738',  15500000, 'EUR',  15500000,  15500000,  15500000, 'ok', 'ok', '2024-02-08', 3, 1, 'Строителство', 0, 0),
  ('c:m004', 't:00156714-2023-0001', 'eik:831633284',  12300000, 'EUR',  12300000,  12300000,  12300000, 'ok', 'ok', '2023-09-12', 2, 0, 'Строителство', 0, 0),

  -- t:00087454-2023-0001 (Хранителни продукти ДГ) ───────────────────────────────────────────
  ('c:m005', 't:00087454-2023-0001', 'eik:175250008',    850000, 'EUR',    850000,    850000,    850000, 'ok', 'ok', '2024-05-20', 4, 0, 'Доставки', 0, 0),
  ('c:m006', 't:00087454-2023-0001', 'eik:175250008',    920000, 'EUR',    920000,    920000,    920000, 'ok', 'ok', '2023-05-15', 1, 0, 'Доставки', 0, 0),

  -- t:00087454-2022-0001 (ИС на ОбА) ───────────────────────────────────────────────────────
  ('c:m007', 't:00087454-2022-0001', 'eik:103261651',   2800000, 'EUR',   2800000,   2800000,   2800000, 'ok', 'ok', '2024-01-10', 2, 0, 'Услуги', 0, 0),
  ('c:m008', 't:00087454-2022-0001', 'eik:131431128',   1900000, 'EUR',   1900000,   1900000,   1900000, 'ok', 'ok', '2022-08-25', 1, 0, 'Услуги', 0, 0),

  -- t:00044853-2023-0001 (ИИС на МФ) ───────────────────────────────────────────────────────
  ('c:m009', 't:00044853-2023-0001', 'eik:131431128',   5600000, 'EUR',   5600000,   5600000,   5600000, 'ok', 'ok', '2023-06-30', 3, 0, 'Услуги', 0, 0),
  ('c:m010', 't:00044853-2023-0001', 'eik:103261651',   4200000, 'EUR',   4200000,   4200000,   4200000, 'ok', 'ok', '2024-03-15', 2, 0, 'Услуги', 0, 0),
  ('c:m025', 't:00044853-2023-0001', 'eik:103261651',   3100000, 'EUR',   3100000,   3100000,   3100000, 'ok', 'ok', '2025-03-20', 3, 0, 'Услуги', 0, 0),

  -- t:00044853-2024-0001 (Данъчен портал) ──────────────────────────────────────────────────
  ('c:m011', 't:00044853-2024-0001', 'eik:131431128',   1200000, 'EUR',   1200000,   1200000,   1200000, 'ok', 'ok', '2024-07-01', 1, 0, 'Услуги', 0, 0),
  ('c:m012', 't:00044853-2024-0001', 'eik:103261651',    980000, 'EUR',    980000,    980000,    980000, 'ok', 'ok', '2023-11-28', 2, 0, 'Услуги', 0, 0),

  -- t:00080486-2023-0001 (Медицинска апаратура МЗ) ─────────────────────────────────────────
  ('c:m013', 't:00080486-2023-0001', 'eik:204513538',   8750000, 'EUR',   8750000,   8750000,   8750000, 'ok', 'ok', '2023-04-18', 2, 0, 'Доставки', 0, 0),
  ('c:m014', 't:00080486-2023-0001', 'eik:175250008',   6400000, 'EUR',   6400000,   6400000,   6400000, 'ok', 'ok', '2024-02-28', 3, 0, 'Доставки', 0, 0),

  -- t:00080486-2022-0001 (Болнични услуги МЗ) ──────────────────────────────────────────────
  ('c:m015', 't:00080486-2022-0001', 'eik:204513538',   3200000, 'EUR',   3200000,   3200000,   3200000, 'ok', 'ok', '2022-10-05', 1, 0, 'Услуги', 0, 0),

  -- t:00121098-2023-0001 (Кардиологична апаратура УМБАЛ) ───────────────────────────────────
  ('c:m016', 't:00121098-2023-0001', 'eik:175250008',  11200000, 'EUR',  11200000,  11200000,  11200000, 'ok', 'ok', '2024-06-10', 3, 1, 'Доставки', 0, 0),
  ('c:m017', 't:00121098-2023-0001', 'eik:204513538',   9800000, 'EUR',   9800000,   9800000,   9800000, 'ok', 'ok', '2023-08-22', 2, 0, 'Доставки', 0, 0),

  -- t:00267516-2024-0001 (Каршияка) ────────────────────────────────────────────────────────
  ('c:m018', 't:00267516-2024-0001', 'eik:112599738',   7600000, 'EUR',   7600000,   7600000,   7600000, 'ok', 'ok', '2024-09-05', 3, 1, 'Строителство', 0, 0),
  ('c:m019', 't:00267516-2024-0001', 'eik:831633284',   5100000, 'EUR',   5100000,   5100000,   5100000, 'ok', 'ok', '2023-03-14', 2, 0, 'Строителство', 0, 0),

  -- t:00267516-2023-0001 (Поддръжка сгради Пловдив) ────────────────────────────────────────
  ('c:m020', 't:00267516-2023-0001', 'eik:200218527',    450000, 'EUR',    450000,    450000,    450000, 'ok', 'ok', '2024-04-01', 1, 0, 'Услуги', 0, 0),
  ('c:m021', 't:00267516-2023-0001', 'eik:200218527',    380000, 'EUR',    380000,    380000,    380000, 'ok', 'ok', '2023-07-15', 2, 0, 'Услуги', 0, 0),

  -- t:00156714-2024-0001 (Превозни средства МРРБ) ───────────────────────────────────────────
  ('c:m022', 't:00156714-2024-0001', 'eik:202274851',  18000000, 'EUR',  18000000,  18000000,  18000000, 'ok', 'ok', '2024-05-30', 1, 0, 'Доставки', 0, 0),
  ('c:m023', 't:00156714-2024-0001', 'eik:202274851',  16500000, 'EUR',  16500000,  16500000,  16500000, 'ok', 'ok', '2023-01-20', 2, 0, 'Доставки', 0, 0);
